{"cameraMode":{"drawMode":0,"name":"Shaded","section":"Shading Mode"},"sceneLighting":false,"audioPlay":false,"sceneViewState":{"m_AlwaysRefresh":false,"showFog":true,"showSkybox":true,"showFlares":true,"showImageEffects":true,"showParticleSystems":true,"showVisualEffectGraphs":true,"m_FxEnabled":true},"in2DMode":false,"pivot":{"x":5.932844161987305,"y":0.20008143782615663,"z":1.3303111791610718},"rotation":{"x":-0.23169492185115815,"y":-0.6038292050361633,"z":0.18938225507736207,"w":-0.7388304471969605},"size":0.40881675481796267,"orthographic":false}